{
    "small-abbrevs": {
        "South10": "BSU/CO",
        "Midwest16": "MSU/Gram",
        "Midwest10": "UVA/CSU",
        "West16": "How/Wag",
        "Virginia Commonwealth": "VCU",
        "Mississippi State": "Miss.St.",
        "Virginia Tech": "VA Tech",
        "Saint Louis": "STL",
        "Maryland": "UMD",
        "Louisiana State": "LSU",
        "Louisville": "L'ville",
        "Minnesota": "Minn.",
        "Michigan State": "Mich.St.",
        "Gonzaga": "'Zags",
        "Syracuse": "'Cuse",
        "Marquette": "Marq.",
        "Murray State": "Murr.St.",
        "Florida State": "FSU",
        "Vermont": "Verm.",
        "Texas Tech": "Tx.Tech",
        "Northern Kentucky": "N. KY",
        "Michigan": "Mich.",
        "Montana": "Mont.",
        "Virginia": "UVA",
        "Gardner-Webb": "Gard-W",
        "Mississippi": "Miss.",
        "Oklahoma": "Okla.",
        "Wisconsin": "Wisc.",
        "Oregon": "Oregon",
        "Kansas State": "Kans.St.",
        "UC-Irvine": "UC-Irv.",
        "Villanova": "'Nova",
        "Saint Mary's (CA)": "St. Mar.",
        "Old Dominion": "Old Dom",
        "Cincinnati": "Cincy",
        "Tennessee": "Tenn.",
        "North Carolina": "UNC",
        "Utah State": "Utah St.",
        "Washington": "Wash.",
        "Northeastern": "NEU",
        "New Mexico State": "NM St.",
        "Iowa State": "Iowa St.",
        "Ohio State": "Ohio St.",
        "Seton Hall": "S. Hall",
        "Cal State Fullerton": "CSF",
        "Kentucky": "UK",
        "Abilene Christian": "Ab. Chr.",
        "Georgia State": "GA St.",
        "Montana State": "Mont.St.",
        "Alabama-Birmingham": "AL-Birm.",
        "Norfolk State": "Norf. St.",
        "Saint Mary's": "St. Mary's",
        "San Francisco": "San Fran",
        "Saint Peter's": "St. Pet.",
        "Boise State": "BSU",
        "Connecticut": "UConn",
        "Texas Christian": "TCU",
        "Chattanooga": "Chat.",
        "Colorado State": "Col.St.",
        "San Diego State": "SD St.",
        "Providence": "Prov.",
        "South Dakota State": "S.Dak.St.",
        "Southern California": "USC",
        "Jacksonville State": "Jax.St.",
        "North Carolina-Asheville": "UNCA",
        "College of Charleston": "Char.",
        "North Carolina State": "NCSU",
        "Louisiana-Lafayette": "ULL",
        "Grand Canyon": "GCU",
        "West Virginia": "WVU",
        "UC-Santa Barbara": "S. Barbara",
        "Florida Atlantic": "FL Atl.",
        "Kennesaw State": "Kennesaw"
    },
    "full-abbrevs": {
        "South10": "BSU/CO",
        "Midwest16": "MSU/Gram",
        "Midwest10": "UVA/CSU",
        "West16": "How/Wag",
        "Virginia Commonwealth": "VCU",
        "Virginia Tech": "VA Tech",
        "Mississippi State": "Miss. State",
        "Louisiana State": "Louisiana St.",
        "Michigan State": "Michigan St.",
        "Northern Kentucky": "N. Kentucky",
        "Saint Mary's (CA)": "Saint Mary's",
        "North Carolina": "UNC",
        "New Mexico State": "NM State",
        "Abilene Christian": "Abilene Chr.",
        "Cal State Fullerton": "Cal St. Full.",
        "Alabama-Birmingham": "AL-Birm.",
        "San Diego State": "San Diego St",
        "South Dakota State": "S.Dak. St",
        "Southern California": "S. Cal.",
        "Jacksonville State": "Jax. St",
        "North Carolina-Asheville": "UNCA",
        "College of Charleston": "Charleston",
        "UC-Santa Barbara": "Santa Barbara",
        "North Carolina State": "NC State",
        "Louisiana-Lafayette": "UL Lafayette"
    }
}