rank,team,conference,elo,change,prior,season_min,season_max
1,Duke,ACC,2256.2427,-5 🟠@@-4.867172,2024.7307,2024.7307,2292.6404
2,Michigan,Big Ten,2231.342,-25 🟠@@-25.31345,2000.4205,2000.4205,2306.1472
3,Arizona,Big 12,2210.7405,+8 🟢@@7.517895,1923.6527,1923.6527,2210.7405
4,Florida,SEC,2173.1301,-38 🟠@@-37.60806,2083.5107,1997.1519,2210.0886
5,Iowa St.,Big 12,2157.8574,-5 🟠@@-5.232012,1900.182,1900.182,2164.9048
6,Houston,Big 12,2150.0466,-8 🟠@@-7.517895,2155,2075.4221,2174.5703
7,Purdue,Big Ten,2105.748,+25 🟢@@25.31345,2229.7791,2053.4639,2229.7791
8,St. John's,Big East,2077.3887,+33 🟢@@33.14869,2029.95,1956.5702,2077.3887
9,Illinois,Big Ten,2077.3291,-17 🟠@@-16.77826,1905.1573,1905.1573,2133.2507
10,UConn,Big East,2048.7571,-33 🟠@@-33.14869,2065.4192,2040.8563,2132.1741
11,Michigan St.,Big Ten,2032.8801,-18 🟠@@-17.5708,1876.9689,1851.5454,2100.7734
12,Gonzaga,WCC,2031.2236,+3 🟢@@2.516068,1872.4053,1872.4053,2130.3669
13,Virginia,ACC,2019.2024,+5 🟢@@4.867172,1814.8234,1814.8234,2027.6368
14,Vanderbilt,SEC,2001.3844,-23 🟠@@-22.66258,1811.8978,1811.8978,2032.6417
15,Louisville,ACC,2001.2523,-13 🟠@@-12.85407,1954.8716,1954.8716,2101.0464
16,Arkansas,SEC,2000.0878,+23 🟢@@22.66258,1917.0804,1860.3065,2000.0878
17,Wisconsin,Big Ten,1972.7933,+9 🟢@@9.10666,1857.5449,1797.2374,1972.7933
18,Texas Tech,Big 12,1972.3236,-37 🟠@@-36.79107,1950.7383,1878.3588,2051.52
19,Tennessee,SEC,1970.4119,-12 🟠@@-11.56135,1903.1571,1885.7433,2008.3529
20,Nebraska,Big Ten,1970.3802,-21 🟠@@-20.85032,1738.9247,1738.9247,2032.8145
21,Alabama,SEC,1964.2625,-21 🟠@@-21.38441,1897.7062,1897.7062,2029.1544
22,UCLA,Big Ten,1963.2966,-5 🟠@@-4.827328,1948.1403,1865.9862,1967.306
23,Ohio St.,Big Ten,1944.8229,+11 🟢@@10.68913,1832.0425,1809.7587,1944.8229
24,Kentucky,SEC,1942.5708,+1 🟢@@.7970725,1963.4969,1914.4827,2031.6563
25,Kansas,Big 12,1940.976,-28 🟠@@-27.69674,1887.3933,1880.5261,2040.953
26,Saint Mary's (CA),WCC,1938.2238,-21 🟠@@-21.26487,1800.6395,1800.6395,1959.3287
27,BYU,Big 12,1936.5476,+6 🟢@@5.957543,1977.3577,1892.4546,2083.687
28,North Carolina,ACC,1910.2263,-16 🟠@@-15.80999,1851.0208,1851.0208,1959.3573
29,Iowa,Big Ten,1909.6945,+1 🟢@@1.474307,1791.6853,1791.6853,1981.9951
30,U Miami (FL),ACC,1887.3522,-30 🟠@@-29.87418,1546.2494,1546.2494,1916.6432
31,TCU,Big 12,1876.7333,+2 🟢@@1.716187,1709.1796,1637.0972,1876.7333
32,Georgia,SEC,1874.5582,-27 🟠@@-27.25133,1751.6716,1751.6716,1935.3358
33,Oklahoma,SEC,1874.0448,0 🟠@@-.2749439,1761.4333,1711.5348,1874.0448
34,Clemson,ACC,1871.2711,+1 🟢@@1.313365,1752.8447,1752.8447,1932.2521
35,Cincinnati,Big 12,1868.0806,-12 🟠@@-11.70432,1770.3441,1693.137,1896.7556
36,Santa Clara,WCC,1867.1527,-3 🟠@@-2.516068,1716.7753,1687.7979,1869.0951
37,Utah St.,MWC,1862.0286,+17 🟢@@17.22206,1703.8784,1703.8784,1918.9031
38,South Florida,AAC,1853.4399,+16 🟢@@16.23543,1505.2378,1505.2378,1853.4399
39,Villanova,Big East,1847.2764,-40 🟠@@-39.5358,1777.0306,1777.0306,1916.2993
40,Auburn,SEC,1845.5425,-3 🟠@@-2.923967,1873.3885,1824.313,1942.9827
41,Texas A&M,SEC,1840.0824,-39 🟠@@-39.37283,1755.4882,1684.8546,1934.6877
42,NC State,ACC,1835.8156,+1 🟢@@1.002275,1852.7415,1828.5347,1988.0858
43,Texas,SEC,1835.1207,-28 🟠@@-27.89471,1819.371,1788.2012,1916.1423
44,VCU,A-10,1833.8995,+9 🟢@@8.818347,1789.8252,1766.894,1834.3439
45,Saint Louis,A-10,1824.2251,-13 🟠@@-13.049,1607.1539,1607.1539,1953.4393
46,SMU,ACC,1821.4882,+3 🟢@@3.333863,1731.8544,1730.4205,1880.0138
47,Baylor,Big 12,1820.04,-15 🟠@@-14.80322,1805.548,1782.959,1875.212
48,Indiana,Big Ten,1812.9852,-26 🟠@@-26.02665,1760.9464,1760.9464,1902.0099
49,Seton Hall,Big East,1812.4506,-5 🟠@@-4.597934,1568.854,1568.854,1827.2218
50,Washington,Big Ten,1807.1869,+11 🟢@@10.72115,1800.1682,1753.8209,1856.3032
51,Missouri,SEC,1800.142,-13 🟠@@-13.2451,1805.6359,1738.6621,1860.9856
52,San Diego St.,MWC,1794.8494,-17 🟠@@-17.22206,1842.498,1733.3806,1872.3677
53,Northwestern,Big Ten,1788.6989,+2 🟢@@1.847101,1747.7201,1719.8427,1843.2111
54,Florida St.,ACC,1783.7443,+28 🟢@@27.69081,1675.7394,1579.5382,1797.0354
55,UCF,Big 12,1783.5944,-2 🟠@@-1.926857,1726.967,1679.2865,1831.2681
56,Northern Iowa,MVC,1771.2218,+22 🟢@@21.7676,1610.3101,1601.0002,1771.2218
57,New Mexico,MWC,1769.0261,+2 🟢@@1.634461,1730.4061,1661.0138,1853.2379
58,Ole Miss,SEC,1760.0995,+6 🟢@@6.140549,1810.7952,1667.0663,1829.0762
59,Stanford,ACC,1759.0586,-10 🟠@@-9.594984,1688.6261,1668.6755,1768.0902
60,Virginia Tech,ACC,1750.6322,-15 🟠@@-14.81718,1583.8987,1583.8987,1778.5367
61,West Virginia,Big 12,1742.3395,-22 🟠@@-21.96423,1740.6255,1721.2463,1789.1002
62,Georgetown,Big East,1740.2777,-8 🟠@@-7.536493,1694.1385,1637.6631,1747.0302
63,Grand Canyon,MWC,1739.7627,-20 🟠@@-20.17394,1661.6641,1613.999,1760.7827
64,McNeese,Southland,1738.3672,+20 🟢@@19.65432,1617.8217,1610.4235,1775.1008
65,Marquette,Big East,1737.1133,-13 🟠@@-13.15084,1750.3636,1592.3732,1771.684
66,Akron,MAC,1736.073,-4 🟠@@-4.294667,1521.2231,1521.2231,1751.1765
67,Boise St.,MWC,1731.1552,-44 🟠@@-44.39909,1791.3231,1659.4958,1791.3231
68,Minnesota,Big Ten,1729.3158,-17 🟠@@-17.3829,1708.4819,1626.3422,1781.5425
69,Arizona St.,Big 12,1724.2864,-53 🟠@@-52.64918,1707.0084,1670.1224,1775.5415
70,Tulsa,AAC,1721.6825,-25 🟠@@-25.39753,1428.2229,1428.2229,1759.9354
71,Wake Forest,ACC,1721.6776,-11 🟠@@-10.66634,1721.0261,1687.1923,1823.4171
72,Belmont,MVC,1719.2479,-49 🟠@@-49.1497,1583.4995,1583.4995,1781.6041
73,Oklahoma St.,Big 12,1718.4264,-6 🟠@@-5.528487,1734.8588,1681.392,1798.1187
74,Providence,Big East,1717.3119,+1 🟢@@.7014933,1672.2612,1623.4109,1745.567
75,Dayton,A-10,1715.4749,-9 🟠@@-8.818347,1674.6406,1614.3417,1749.7115
76,High Point,Big South,1710.2207,+14 🟢@@14.1373,1629.5475,1629.5475,1740.7596
77,LSU,SEC,1709.6277,+3 🟢@@3.147427,1711.152,1706.7455,1858.948
78,Creighton,Big East,1706.9722,-13 🟠@@-12.92408,1862.5631,1685.2095,1862.5631
79,California,ACC,1705.1008,-8 🟠@@-8.129046,1644.5469,1644.5469,1751.8909
80,Colorado,Big 12,1704.8409,-16 🟠@@-15.63012,1715.5043,1665.5955,1767.8314
81,Hofstra,CAA,1703.6212,-2 🟠@@-1.709143,1441.4912,1423.4585,1705.5677
82,Wichita St.,AAC,1700.8794,-16 🟠@@-16.23543,1543.6388,1543.6388,1716.0175
83,Nevada,MWC,1700.1418,-15 🟠@@-14.67289,1649.1829,1580.036,1748.0997
84,Yale,Ivy,1695.6017,-20 🟠@@-19.60006,1664.5902,1652.8206,1796.3455
85,Oregon,Big Ten,1683.8326,-24 🟠@@-23.87342,1842.6737,1648.1726,1842.6737
86,Colorado St.,MWC,1682.2073,-3 🟠@@-2.872005,1739.7007,1627.131,1809.2
87,USC,Big Ten,1680.2633,-3 🟠@@-2.969198,1815.848,1680.2633,1889.0441
88,Pittsburgh,ACC,1676.0168,-8 🟠@@-7.937002,1704.0535,1612.1385,1728.2898
89,DePaul,Big East,1668.8813,-12 🟠@@-12.03341,1656.0963,1580.8236,1731.7369
90,Butler,Big East,1668.7367,-15 🟠@@-14.67955,1707.3818,1660.6433,1823.1466
91,Rutgers,Big Ten,1666.4856,+2 🟢@@2.13967,1726.1362,1573.5734,1748.8516
92,George Washington,A-10,1657.97,-4 🟠@@-3.628512,1570.0894,1570.0894,1736.7422
93,Miami University (OH),MAC,1652.9951,-25 🟠@@-24.64837,1487.7909,1487.7909,1703.8253
94,Illinois-Chicago,MVC,1651.1217,-22 🟠@@-21.7676,1496.6436,1402.1049,1679.2261
95,Syracuse,ACC,1649.5306,-19 🟠@@-18.80635,1646.9678,1646.9678,1803.1392
96,Xavier,Big East,1642.0052,-9 🟠@@-8.509788,1744.8323,1600.0145,1744.8323
97,Saint Joseph's,A-10,1641.0868,-12 🟠@@-12.12653,1663.1759,1452.6334,1663.1759
98,Utah Valley,WAC,1640.1127,-16 🟠@@-16.02439,1584.1249,1539.3854,1721.8253
99,California Baptist,WAC,1637.8113,+16 🟢@@16.02439,1459.7977,1459.7977,1637.8113
100,George Mason,A-10,1633.6682,-25 🟠@@-24.72353,1680.4471,1579.1121,1759.2203
101,Illinois St.,MVC,1630.8167,-34 🟠@@-34.04098,1566.7046,1543.6753,1748.2623
102,UNLV,MWC,1630.4812,-12 🟠@@-12.1452,1634.4807,1526.3274,1662.603
103,South Carolina,SEC,1629.9236,-9 🟠@@-9.308,1730.4883,1615.8699,1737.1963
104,Bradley,MVC,1629.4064,-4 🟠@@-4.089499,1644.2935,1562.9436,1664.2074
105,Mississippi St.,SEC,1619.9663,-16 🟠@@-15.80908,1769.8788,1619.9663,1795.6117
106,UC Irvine,Big West,1619.6786,-20 🟠@@-20.11247,1647.381,1563.9343,1685.6963
107,Kansas St.,Big 12,1619.1246,-7 🟠@@-6.895289,1805.4108,1612.2236,1840.3223
108,UNC Wilmington,CAA,1618.186,-35 🟠@@-34.57349,1600.7755,1549.074,1655.7649
109,Maryland,Big Ten,1616.3844,-2 🟠@@-2.244232,1760.7701,1560.6483,1760.7701
110,North Dakota St.,Summit,1615.3055,-2 🟠@@-1.738188,1466.3507,1443.1713,1616.7365
111,Southern Illinois,MVC,1604.9336,-20 🟠@@-20.40642,1484.1863,1483.2428,1625.2571
112,Wyoming,MWC,1602.6349,-3 🟠@@-3.452822,1477.7836,1442.7286,1660.9072
113,Notre Dame,ACC,1602.057,-16 🟠@@-15.91407,1649.2573,1602.057,1751.8134
114,Hawaii,Big West,1593.4381,+20 🟢@@20.11247,1409.3925,1409.3925,1631.3262
115,St. Thomas,Summit,1589.8479,-23 🟠@@-23.2558,1490.46,1436.7931,1612.3357
116,Stephen F. Austin,Southland,1585.7734,-20 🟠@@-19.65432,1265.3456,1257.3986,1635.8782
117,Harvard,Ivy,1585.5718,-10 🟠@@-10.01951,1455.6288,1399.0457,1595.5721
118,UAB,AAC,1576.3109,-21 🟠@@-21.34671,1637.6547,1564.9152,1667.0656
119,Sam Houston,CUSA,1573.4817,-16 🟠@@-15.9752,1450.0793,1440.5781,1617.9177
120,Davidson,A-10,1571.4402,-18 🟠@@-18.25544,1544.2671,1505.8644,1604.5511
121,Utah,Big 12,1571.0743,+5 🟢@@4.634131,1715.3428,1566.4514,1715.3428
122,Boston College,ACC,1570.0898,+16 🟢@@15.91407,1570.1454,1525.4056,1607.5748
123,North Texas,AAC,1568.4958,-2 🟠@@-1.554309,1659.8912,1517.3602,1682.5189
124,Duquesne,A-10,1568.4595,+2 🟢@@2.226814,1596.3945,1507.7527,1620.1053
125,Penn,Ivy,1568.3079,+20 🟢@@19.60006,1368.6525,1340.4857,1568.3079
126,Seattle,WCC,1568.1044,-9 🟠@@-9.443902,1561.0587,1519.8975,1636.554
127,UT Rio Grande Valley,Southland,1568.0797,+7 🟢@@6.53436,1301.3281,1301.3281,1568.0797
128,Towson,CAA,1564.9388,-1 🟠@@-1.014451,1524.5999,1481.8071,1570.2212
129,San Francisco,WCC,1564.22,-10 🟠@@-10.3437,1692.1458,1530.6852,1728.4731
130,Cornell,Ivy,1563.7953,-14 🟠@@-14.25307,1584.3403,1484.3556,1593.9913
131,Navy,Patriot,1563.2657,-21 🟠@@-21.12553,1346.5365,1346.5365,1601.806
132,Pacific,WCC,1561.1084,+3 🟢@@2.643915,1366.1233,1344.6295,1587.8628
133,Florida Atlantic,AAC,1560.8354,-5 🟠@@-4.781231,1590.6995,1557.9501,1702.056
134,St. Bonaventure,A-10,1559.1646,-3 🟠@@-2.714661,1585.3989,1508.7998,1646.9131
135,Liberty,CUSA,1554.323,-24 🟠@@-24.33257,1650.8654,1554.323,1695.7201
136,UMBC,ASEC,1553.1322,+15 🟢@@15.39775,1326.646,1291.1335,1553.1322
137,Robert Morris,Horizon,1549.308,-22 🟠@@-22.09484,1541.3934,1429.1521,1571.2302
138,Troy,Sun Belt,1547.6024,+20 🟢@@20.01135,1573.2371,1511.7832,1641.4475
139,Toledo,MAC,1545.7197,+4 🟢@@4.294667,1365.9808,1326.3716,1545.7197
140,Kennesaw St.,CUSA,1542.6384,+19 🟢@@19.10526,1520.3751,1484.5005,1585.3824
141,Kent St.,MAC,1541.1951,-1 🟠@@-1.39249,1530.425,1499.49,1611.9065
142,Fordham,A-10,1541.0802,-2 🟠@@-2.158401,1476.8234,1399.0894,1543.8159
143,Valparaiso,MVC,1539.9098,-7 🟠@@-7.150548,1486.23,1416.0466,1566.616
144,Murray St.,MVC,1537.1616,-17 🟠@@-17.36759,1551.6879,1537.1616,1689.2971
145,College of Charleston,CAA,1537.0077,-42 🟠@@-41.77142,1531.2218,1437.6161,1578.3104
146,Merrimack,MAAC,1536.4807,-22 🟠@@-22.41768,1439.0377,1329.2177,1581.2211
147,UC San Diego,Big West,1535.025,-19 🟠@@-19.40714,1724.1152,1528.1436,1745.3613
148,Penn St.,Big Ten,1533.3743,-3 🟠@@-3.211346,1736.4777,1533.3743,1782.6484
149,Rhode Island,A-10,1532.6681,-9 🟠@@-9.260623,1538.2365,1510.3678,1640.2548
150,Wright St.,Horizon,1531.7289,-5 🟠@@-4.669155,1371.6338,1340.7255,1536.1779
151,Idaho,Big Sky,1530.4246,+12 🟢@@12.28876,1343.7946,1343.7946,1530.4246
152,Arkansas St.,Sun Belt,1530.4102,-19 🟠@@-19.20889,1601.6548,1477.0006,1611.713
153,Monmouth,CAA,1529.8383,+2 🟢@@1.709143,1429.5796,1377.9469,1529.8383
154,Oregon St.,WCC,1525.2845,+12 🟢@@12.43862,1626.5835,1423.0969,1626.5835
155,Winthrop,Big South,1522.0247,-14 🟠@@-14.1373,1518.2354,1503.9946,1629.9628
156,Tennessee St.,OVC,1520.6895,+30 🟢@@30.20936,1350.3794,1318.2454,1520.6895
157,Temple,AAC,1519.8271,-8 🟠@@-7.522124,1520.1005,1474.9922,1607.9553
158,Memphis,AAC,1517.4774,-28 🟠@@-27.97979,1695.8877,1517.4774,1703.1807
159,Georgia Tech,ACC,1516.7316,+18 🟢@@18.20421,1663.7036,1498.9298,1676.3716
160,Central Arkansas,A-Sun,1513.7771,-14 🟠@@-13.86948,1215.4501,1191.584,1527.4409
161,Louisiana Tech,CUSA,1513.345,-19 🟠@@-19.10526,1538.2906,1414.0571,1538.2906
162,Siena,MAAC,1513.0829,+22 🟢@@22.41768,1352.8871,1352.8871,1519.2662
163,Northern Colorado,Big Sky,1510.7789,-22 🟠@@-21.79853,1531.4739,1441.3872,1543.3417
164,East Tennessee St.,Southern,1507.8064,-29 🟠@@-28.68096,1510.2344,1491.6096,1622.1643
165,Fresno St.,MWC,1507.0797,+0 🟢@@.3332827,1412.4502,1367.8887,1534.8773
166,Furman,Southern,1504.0151,+29 🟢@@28.68096,1547.4596,1427.5226,1547.4596
167,Richmond,A-10,1499.6243,-24 🟠@@-24.33859,1469.234,1447.5815,1621.6044
168,Washington St.,WCC,1498.4923,-20 🟠@@-19.97034,1567.3073,1451.7288,1567.3073
169,UC Santa Barbara,Big West,1498.3523,-16 🟠@@-16.20806,1496.6335,1439.8761,1565.012
170,Western Kentucky,CUSA,1497.9988,-17 🟠@@-17.42126,1453.0074,1453.0074,1580.1165
171,Campbell,CAA,1497.9537,-18 🟠@@-17.80491,1423.5768,1387.3284,1515.2465
172,Drake,MVC,1497.6949,-25 🟠@@-25.38722,1721.2178,1454.3794,1721.2178
173,William & Mary,CAA,1497.2358,-39 🟠@@-39.15209,1395.5304,1395.5304,1591.3273
174,Bowling Green,MAC,1495.2349,-4 🟠@@-3.809801,1338.0916,1338.0916,1604.0403
175,Samford,Southern,1494.1001,-13 🟠@@-13.15173,1530.4657,1389.5341,1531.4487
176,Montana St.,Big Sky,1492.0596,-11 🟠@@-10.80378,1423.637,1423.637,1528.9211
177,Middle Tennessee,CUSA,1490.73,-21 🟠@@-20.77306,1530.4667,1449.8799,1579.198
178,Queens,A-Sun,1481.2017,+14 🟢@@13.86948,1409.2344,1351.4651,1481.2017
179,UT Arlington,WAC,1479.277,+5 🟢@@5.122682,1419.3466,1419.3466,1537.0024
180,Mercer,Southern,1478.2838,-12 🟠@@-11.98878,1380.1332,1371.3544,1541.1829
181,Austin Peay,A-Sun,1477.5775,-16 🟠@@-15.54602,1315.3883,1315.3883,1553.9366
182,Howard,MEAC,1477.5039,-8 🟠@@-8.223694,1246.2141,1194.9087,1485.6768
183,Loyola Marymount,WCC,1477.0066,-19 🟠@@-19.32468,1535.0815,1454.9476,1653.9608
184,Columbia,Ivy,1472.1013,-11 🟠@@-10.53377,1366.473,1366.473,1611.8923
185,Portland St.,Big Sky,1469.3376,-21 🟠@@-20.6746,1419.1013,1419.1013,1534.6998
186,Charlotte,AAC,1468.3832,-13 🟠@@-13.24312,1443.5391,1387.5753,1489.7489
187,A&M-Corpus Christi,Southland,1468.1245,+8 🟢@@7.902414,1420.1666,1361.4463,1468.1245
188,Cal State Northridge,Big West,1466.4054,-16 🟠@@-15.81352,1544.1154,1369.3066,1544.1154
189,South Alabama,Sun Belt,1463.1583,-24 🟠@@-23.75562,1509.7173,1463.1583,1581.0435
190,New Mexico St.,CUSA,1462.5513,-7 🟠@@-7.391375,1520.8965,1423.0948,1552.9059
191,Northern Kentucky,Horizon,1461.6282,-19 🟠@@-19.30543,1411.1725,1363.7908,1504.5934
192,Appalachian St.,Sun Belt,1461.619,-26 🟠@@-25.73837,1434.017,1328.4709,1522.7039
193,Indiana St.,MVC,1461.4882,-1 🟠@@-.7205548,1508.9534,1428.547,1508.9534
194,James Madison,Sun Belt,1458.0491,-16 🟠@@-15.9696,1464.4816,1360.5289,1473.7214
195,Jacksonville St.,CUSA,1456.9806,-14 🟠@@-13.91391,1558.8251,1392.6548,1616.2695
196,UC Davis,Big West,1454.9211,-17 🟠@@-17.28823,1395.1642,1375.6688,1472.0315
197,Oakland,Horizon,1454.8555,-11 🟠@@-11.25984,1458.0388,1412.8108,1602.739
198,FIU,CUSA,1453.3196,-17 🟠@@-16.88159,1386.0861,1335.1453,1474.3497
199,Marist,MAAC,1451.9795,+0 🟢@@.412428,1340.8359,1340.8359,1562.0483
200,Eastern Washington,Big Sky,1450.0184,-26 🟠@@-25.87636,1297.162,1237.8198,1486.4141
201,Western Carolina,Southern,1447.401,-2 🟠@@-1.735507,1282.2267,1251.329,1449.2336
202,Missouri St.,CUSA,1444.2504,-3 🟠@@-3.43418,1415.8011,1275.0565,1447.6769
203,UMass (Amherst),MAC,1443.0983,-12 🟠@@-11.68524,1427.7097,1402.5414,1525.5203
204,Cal State Fullerton,Big West,1440.0001,-21 🟠@@-20.77768,1180.9863,1167.6971,1460.2404
205,Southern Miss,Sun Belt,1436.6627,-11 🟠@@-10.81303,1286.7583,1259.7816,1447.3274
206,Tulane,AAC,1432.6807,-18 🟠@@-18.40005,1563.2523,1396.818,1592.1691
207,Rice,AAC,1432.5509,+1 🟢@@.5229207,1467.3785,1352.3677,1545.6521
208,Detroit Mercy,Horizon,1432.1252,+5 🟢@@4.669155,1216.8455,1159.0117,1432.1252
209,Cal Poly,Big West,1429.5188,0 🟠@@-.4244216,1482.6803,1297.5444,1502.3824
210,Georgia Southern,Sun Belt,1429.2623,-20 🟠@@-20.01135,1386.8367,1312.3378,1448.746
211,Quinnipiac,MAAC,1429.2355,-6 🟠@@-6.319534,1422.3403,1389.978,1560.2415
212,Utah Tech,WAC,1427.8701,-14 🟠@@-13.86364,1305.3418,1305.3418,1475.1443
213,Drexel,CAA,1425.8846,-12 🟠@@-12.18731,1489.5956,1350.2324,1489.5956
214,LIU,NSEC,1424.1088,+4 🟢@@4.486917,1300.7551,1286.0609,1461.1106
215,San Jose St.,MWC,1422.5544,+2 🟢@@2.475218,1534.0618,1355.4237,1538.7804
216,Lipscomb,A-Sun,1421.0286,-44 🟠@@-44.42012,1538.0941,1408.8251,1576.2655
217,Vermont,ASEC,1417.0468,-15 🟠@@-15.39775,1424.4915,1370.2275,1465.2957
218,Marshall,Sun Belt,1416.1239,-8 🟠@@-7.800837,1467.2405,1416.1239,1546.8018
219,Texas St.,Sun Belt,1415.3453,-9 🟠@@-9.438583,1424.3472,1329.5806,1451.2581
220,Southeast Missouri St.,OVC,1411.4125,-18 🟠@@-17.65815,1405.4376,1337.1652,1437.0569
221,Loyola Chicago,A-10,1407.3969,+7 🟢@@6.626449,1661.1135,1313.4075,1661.1135
222,Fairfield,MAAC,1407.0396,-23 🟠@@-23.24277,1295.5242,1290.582,1433.0757
223,Youngstown St.,Horizon,1403.5024,-13 🟠@@-12.68029,1455.4081,1401.1937,1524.8158
224,Green Bay,Horizon,1402.694,-30 🟠@@-29.82008,1235.7,1158.1133,1432.1279
225,New Orleans,Southland,1401.6776,-21 🟠@@-21.15076,1135.7495,1135.7495,1433.0321
226,Montana,Big Sky,1393.4059,-12 🟠@@-12.28876,1491.8484,1363.1317,1538.6912
227,Saint Peter's,MAAC,1392.3781,-33 🟠@@-32.86865,1331.8671,1234.905,1442.5242
228,Buffalo,MAC,1392.1975,+14 🟢@@14.15716,1221.2811,1221.2811,1433.964
229,Portland,WCC,1392.1555,-18 🟠@@-18.10515,1433.4211,1341.6401,1433.6934
230,Boston University,Patriot,1391.808,-25 🟠@@-25.19133,1302.7998,1285.092,1416.901
231,La Salle,A-10,1391.613,-24 🟠@@-24.0168,1498.6044,1372.8612,1551.2606
232,Stony Brook,CAA,1389.6069,-9 🟠@@-9.323357,1317.3335,1269.6204,1441.7639
233,East Carolina,AAC,1386.7161,+6 🟢@@6.214437,1517.8838,1271.4199,1517.8838
234,Weber St.,Big Sky,1385.4369,-6 🟠@@-6.010625,1314.1621,1314.1621,1468.4247
235,Wofford,Southern,1382.9985,-12 🟠@@-11.84073,1547.5634,1382.9985,1547.5634
236,Radford,Big South,1382.9757,-16 🟠@@-16.29701,1490.4664,1295.4622,1490.4664
237,Longwood,Big South,1379.7513,-11 🟠@@-11.0973,1419.9159,1274.4652,1423.2008
238,South Dakota St.,Summit,1376.1689,-9 🟠@@-9.441625,1465.624,1376.1689,1529.1909
239,Coastal Carolina,Sun Belt,1375.0155,-37 🟠@@-36.70041,1254.4283,1254.4283,1448.8556
240,Princeton,Ivy,1372.9326,-17 🟠@@-17.09438,1492.1302,1346.5813,1492.1302
241,Ohio,MAC,1371.1705,-8 🟠@@-8.420288,1407.8069,1330.6172,1431.7848
242,Iona,MAAC,1370.8114,-23 🟠@@-22.93617,1399.8381,1351.0773,1516.3755
243,Dartmouth,Ivy,1367.6947,-25 🟠@@-25.47636,1507.2904,1367.6947,1507.2904
244,Elon,CAA,1367.4028,-8 🟠@@-7.573839,1415.5057,1367.4028,1518.7373
245,SIU Edwardsville,OVC,1366.3146,-29 🟠@@-29.21018,1382.0959,1351.8446,1503.0205
246,Mount St. Mary's (MD),MAAC,1365.908,-6 🟠@@-6.227547,1406.1921,1275.4788,1406.1921
247,Florida Gulf Coast,A-Sun,1365.8187,-10 🟠@@-10.0393,1413.6511,1323.0789,1475.1768
248,Brown,Ivy,1364.8513,-30 🟠@@-30.18018,1486.6478,1326.7296,1486.6478
249,UT Martin,OVC,1363.5437,-17 🟠@@-17.04524,1278.8658,1278.8658,1463.5786
250,Charleston Southern,Big South,1362.2247,+1 🟢@@.8216047,1301.8142,1228.0786,1403.6799
251,Old Dominion,Sun Belt,1361.3347,-10 🟠@@-9.920191,1342.1569,1284.2872,1387.0764
252,San Diego,WCC,1360.3187,+6 🟢@@5.658896,1355.2212,1269.205,1409.4636
253,Purdue Fort Wayne,Horizon,1359.9811,-6 🟠@@-5.828169,1457.8586,1354.7136,1470.1576
254,Nicholls St.,Southland,1359.1366,-20 🟠@@-19.74278,1408.347,1316.9456,1458.4976
255,American,Patriot,1356.8617,-1 🟠@@-.7260328,1371.1396,1321.6146,1458.0795
256,Presbyterian,Big South,1352.5121,+5 🟢@@4.609327,1417.1486,1283.6677,1417.1486
257,UNC Asheville,Big South,1352.0583,+11 🟢@@11.20947,1444.0322,1306.9402,1444.0322
258,Colgate,Patriot,1352.036,-13 🟠@@-13.49362,1344.806,1344.806,1461.292
259,Omaha,Summit,1349.5068,-24 🟠@@-23.97692,1490.9009,1303.5347,1490.9009
260,UTEP,CUSA,1348.9896,-8 🟠@@-8.173665,1466.9326,1309.1086,1467.1062
261,UNC Greensboro,Southern,1348.9821,-5 🟠@@-4.548048,1506.5873,1272.3555,1506.5873
262,Milwaukee,Horizon,1346.9401,-26 🟠@@-25.7698,1491.7644,1345.9291,1508.5847
263,Central Michigan,MAC,1346.559,-25 🟠@@-24.83492,1392.0552,1215.1438,1437.7416
264,Ball St.,MAC,1340.5165,+25 🟢@@24.83492,1340.2795,1224.5348,1361.1932
265,Lehigh,Patriot,1339.4188,+25 🟢@@25.19133,1305.1979,1207.988,1357.3503
266,Denver,Summit,1339.3158,-30 🟠@@-29.83467,1298.7745,1257.4061,1409.8746
267,North Dakota,Summit,1336.7822,+2 🟢@@1.738188,1349.8903,1229.0447,1389.7026
268,Southern Utah,WAC,1335.3768,-6 🟠@@-5.983971,1280.4838,1177.9227,1345.0018
269,Abilene Christian,WAC,1335.2742,+0 🟢@@.2717294,1411.6324,1314.0815,1421.6953
270,Hampton,CAA,1334.8628,-1 🟠@@-1.291184,1457.4882,1323.2563,1477.9447
271,Sacred Heart,MAAC,1332.7064,-24 🟠@@-23.85474,1378.5365,1301.7308,1409.0703
272,Eastern Michigan,MAC,1330.8945,-11 🟠@@-10.92153,1359.6532,1330.8945,1460.4016
273,Long Beach St.,Big West,1329.5992,+38 🟢@@37.75689,1327.1808,1232.9557,1360.0455
274,Tarleton St.,WAC,1327.4824,-14 🟠@@-13.58487,1349.7616,1293.947,1437.774
275,Chattanooga,Southern,1327.2815,-20 🟠@@-19.90677,1616.526,1325.8566,1618.2106
276,Lindenwood,OVC,1322.4695,0 🟠@@-.1985521,1244.6047,1202.6898,1398.7258
277,Bellarmine,A-Sun,1320.5197,-11 🟠@@-10.57936,1222.4851,1181.0525,1330.8479
278,Bethune-Cookman,SWAC,1319.2372,-10 🟠@@-10.23539,1234.6382,1210.1381,1343.494
279,Morehead St.,OVC,1314.2793,-30 🟠@@-30.20936,1214.0481,1163.2991,1344.0303
280,Pepperdine,WCC,1313.6746,-14 🟠@@-13.96708,1479.7493,1255.7352,1479.7493
281,Incarnate Word,Southland,1311.356,-2 🟠@@-1.664382,1357.5588,1278.2389,1470.0598
282,UC Riverside,Big West,1310.781,-10 🟠@@-9.764519,1460.8475,1274.2679,1473.1167
283,Northeastern,CAA,1309.1586,-6 🟠@@-5.781704,1449.1853,1287.6967,1487.7717
284,Mercyhurst,NSEC,1308.9506,-4 🟠@@-4.486917,1245.3452,1237.5657,1346.894
285,Western Michigan,MAC,1305.5905,+5 🟢@@4.636167,1335.5426,1254.2219,1353.6583
286,Jacksonville,A-Sun,1299.4069,-11 🟠@@-10.57089,1374.8604,1244.5739,1426.6586
287,Lamar,Southland,1294.5898,-37 🟠@@-37.17939,1404.2439,1294.5898,1464.9779
288,South Dakota,Summit,1293.4248,-21 🟠@@-20.96948,1383.6803,1275.3247,1388.4458
289,Delaware,CUSA,1293.3499,-65 🟠@@-65.05393,1451.6943,1267.2026,1451.6943
290,Central Connecticut,NSEC,1289.0737,-26 🟠@@-25.96767,1418.3163,1289.0737,1509.3193
291,Northwestern St.,Southland,1287.3195,-21 🟠@@-21.36201,1353.0785,1233.4983,1353.0785
292,North Carolina A&T,CAA,1285.2615,-27 🟠@@-27.36499,1273.1599,1268.2253,1342.9294
293,Idaho St.,Big Sky,1282.8623,-2 🟠@@-2.021711,1406.6846,1272.4143,1498.6898
294,Southern,SWAC,1278.8926,-15 🟠@@-15.02371,1295.1382,1263.6622,1399.7727
295,UMass Lowell,ASEC,1275.8004,-17 🟠@@-17.11588,1393.144,1222.1063,1406.6788
296,Evansville,MVC,1272.7026,+8 🟢@@7.792854,1431.6128,1255.6056,1438.5746
297,West Georgia,A-Sun,1272.1195,-4 🟠@@-4.380792,1203.5444,1172.2667,1307.3965
298,Wagner,NSEC,1269.5762,-2 🟠@@-2.146448,1218.4159,1168.1873,1282.1124
299,SE Louisiana,Southland,1267.0354,+25 🟢@@24.51224,1353.8531,1241.5879,1360.6044
300,Prairie View A&M,SWAC,1266.9824,+15 🟢@@15.02371,1040.5813,1040.5813,1266.9824
301,Albany,ASEC,1263.731,-5 🟠@@-5.044562,1374.1903,1241.5712,1374.1903
302,Sacramento St.,Big Sky,1261.3588,-24 🟠@@-23.64883,1228.7471,1179.6256,1312.7914
303,Eastern Kentucky,A-Sun,1261.2664,-28 🟠@@-27.95966,1412.6947,1261.2664,1443.7592
304,Loyola Maryland,Patriot,1253.3175,-11 🟠@@-11.05189,1274.896,1195.2697,1288.1353
305,Louisiana (Lafayette),Sun Belt,1251.9487,-15 🟠@@-14.96321,1290.8845,1163.6722,1295.8364
306,South Carolina Upstate,Big South,1251.4746,-21 🟠@@-21.38917,1244.9108,1244.9108,1359.0007
307,Stetson,A-Sun,1249.6467,-3 🟠@@-3.104495,1202.1847,1093.9821,1253.6622
308,Houston Christian,Southland,1246.1268,-14 🟠@@-13.65177,1255.806,1194.4939,1260.5208
309,Le Moyne,NSEC,1243.9932,-28 🟠@@-28.25597,1167.683,1167.683,1330.9711
310,Oral Roberts,Summit,1241.1644,+2 🟢@@1.997675,1262.8237,1128.4075,1267.4548
311,Little Rock,OVC,1241.0128,-14 🟠@@-14.25851,1343.4988,1164.8859,1343.4988
312,Tennessee Tech,OVC,1236.4396,-12 🟠@@-12.47401,1238.0923,1141.3784,1313.431
313,Georgia St.,Sun Belt,1234.0925,-17 🟠@@-16.79356,1391.3199,1191.9437,1391.3199
314,New Haven,NSEC,1231.9209,+12 🟢@@12.05162,1291.2307,1174.1335,1304.7435
315,Cleveland St.,Horizon,1228.9998,-28 🟠@@-27.55817,1463.8328,1228.9998,1479.2687
316,Norfolk St.,MEAC,1228.0057,-25 🟠@@-25.07697,1413.894,1228.0057,1418.7708
317,IU Indy,Horizon,1224.6743,-8 🟠@@-8.435333,1289.3623,1163.3538,1309.2017
318,East Texas A&M,Southland,1223.9473,-5 🟠@@-5.053959,1197.2653,1197.2653,1359.6195
319,Manhattan,MAAC,1220.1859,-9 🟠@@-9.367106,1383.1636,1198.2974,1425.7351
320,Stonehill,NSEC,1215.9777,+0 🟢@@.3506187,1211.3215,1140.5132,1272.5283
321,Eastern Illinois,OVC,1215.9191,+1 🟢@@1.395204,1273.9691,1163.7585,1321.4922
322,Florida A&M,SWAC,1203.4359,-4 🟠@@-4.115736,1192.0919,1052.4738,1207.916
323,UTSA,AAC,1201.9341,-1 🟠@@-.5229207,1492.3462,1172.7167,1530.3553
324,Texas Southern,SWAC,1200.5457,-21 🟠@@-20.56207,1252.983,1128.8849,1254.2001
325,Lafayette,Patriot,1196.4561,-18 🟠@@-18.47607,1302.6685,1186.0669,1319.3824
326,Northern Arizona,Big Sky,1194.4508,-10 🟠@@-10.43604,1377.0457,1194.4508,1392.3798
327,Grambling,SWAC,1191.0104,-11 🟠@@-11.15183,1198.8644,1170.6202,1319.699
328,Holy Cross,Patriot,1186.5936,+3 🟢@@2.77833,1248.6949,1164.866,1296.5881
329,The Citadel,Southern,1181.1508,+8 🟢@@8.102372,1204.6897,1033.8672,1226.851
330,Fairleigh Dickinson,NSEC,1178.0549,-4 🟠@@-3.727487,1288.2516,1148.5275,1288.2516
331,NJIT,ASEC,1177.9716,+3 🟢@@3.487314,1215.3414,1118.994,1301.7451
332,North Florida,A-Sun,1175.6982,-11 🟠@@-11.44282,1315.363,1175.6982,1325.0048
333,Alabama A&M,SWAC,1170.3699,-30 🟠@@-29.9706,1048.0947,1004.8688,1201.0015
334,Bucknell,Patriot,1168.717,+17 🟢@@16.99537,1402.2928,1130.1588,1465.7083
335,Arkansas-Pine Bluff,SWAC,1167.8799,-1 🟠@@-.891233,1046.6779,1022.3328,1218.347
336,Niagara,MAAC,1165.0365,+2 🟢@@2.475069,1291.4412,1097.5488,1319.9454
337,Alabama St.,SWAC,1159.7764,-33 🟠@@-32.93103,1295.6759,1159.7764,1353.2274
338,North Alabama,A-Sun,1157.5133,-10 🟠@@-9.849011,1502.7,1157.5133,1502.7
339,Maine,ASEC,1154.4044,-1 🟠@@-1.003075,1434.5632,1149.4531,1434.5632
340,Army,Patriot,1149.6257,-14 🟠@@-13.92241,1261.6886,1137.853,1261.6886
341,Canisius,MAAC,1144.0209,+3 🟢@@2.74748,1165.2076,1097.0382,1180.0851
342,Chicago St.,NSEC,1141.5504,+14 🟢@@13.5027,1107.5238,1043.0018,1155.4796
343,Cal State Bakersfield,Big West,1137.6479,-27 🟠@@-27.47569,1401.5762,1137.6479,1401.5762
344,Morgan St.,MEAC,1131.2195,-23 🟠@@-22.62629,1248.4823,1033.6284,1252.4353
345,Southern Indiana,OVC,1129.7263,-20 🟠@@-20.33017,1205.0541,1111.5748,1213.1451
346,New Hampshire,ASEC,1127.2368,+1 🟢@@.8252872,1226.7926,1113.8846,1261.9081
347,Bryant,ASEC,1126.0583,-10 🟠@@-10.40708,1512.0579,1114.2401,1512.0579
348,Northern Illinois,MAC,1123.8978,-16 🟠@@-15.54744,1220.5278,1123.8978,1353.021
349,North Carolina Central,MEAC,1113.0563,+8 🟢@@8.223694,1265.7747,1086.9874,1265.7747
350,Saint Francis (PA),NSEC,1100.9783,+7 🟢@@7.239256,1278.8553,1064.2491,1278.8553
351,Binghamton,ASEC,1095.5339,+17 🟢@@16.74962,1306.9624,1030.8889,1306.9624
352,Jackson St.,SWAC,1089.0592,-11 🟠@@-11.21042,1292.1387,1089.0592,1292.1387
353,South Carolina St.,MEAC,1088.2598,-5 🟠@@-4.651949,1421.4369,1021.8859,1421.4369
354,Air Force,MWC,1077.9585,-19 🟠@@-19.26619,1363.6414,1067.2837,1363.6414
355,Rider,MAAC,1077.7939,+1 🟢@@1.463856,1323.7058,1076.3297,1323.7058
356,Louisiana Monroe,Sun Belt,1067.379,+5 🟢@@4.611958,1211.0874,1008.462,1211.0874
357,VMI,Southern,1062.4916,-7 🟠@@-7.013278,1334.4838,1059.5002,1389.1323
358,MD Eastern Shore,MEAC,1056.0966,-14 🟠@@-14.04364,1130.0138,1056.0966,1210.4485
359,Gardner-Webb,Big South,1028.2546,+4 🟢@@3.836119,1367.0599,961.09064,1367.0599
360,Alcorn St.,SWAC,1025.8439,0 🟠@@-.4426324,1170.6005,995.32373,1189.7468
361,Coppin St.,MEAC,1003.9718,+3 🟢@@3.323211,1120.2488,918.36432,1122.2219
362,Kansas City,Summit,955.67877,-20 🟠@@-20.04903,1385.9869,955.67877,1385.9869
363,Delaware St.,MEAC,950.81458,-5 🟠@@-5.145333,1307.7958,915.66046,1307.7958
364,Western Illinois,OVC,924.63129,-18 🟠@@-17.61261,1218.9164,924.63129,1253.4384
365,Mississippi Valley St.,SWAC,800.22174,-18 🟠@@-18.43017,799.40686,748.66718,857.26874