,Team,Conf.,Current Elo,Last,Season Min.,Season Max.,Home Court*
1,Duke,ACC,2089.303,+14 🟢@@13.77758789,1842.133,2089.303,83.04591
2,Houston,Big 12,2074.552,+7 🟢@@6.890441895,1863.668,2074.552,84.47469
3,Auburn,SEC,2049.707,-18 🟠@@-17.93383789,1863.583,2105.443,67.584
4,Florida,SEC,2040.319,+7 🟢@@6.597717285,1799.165,2040.319,62.82391
5,Alabama,SEC,2031.764,+18 🟢@@17.93389893,1903.559,2086.004,100.502
6,Michigan St.,Big Ten,2009.002,+7 🟢@@6.729248047,1757.601,2009.002,81.57139
7,St. John's,Big East,1987.206,+11 🟢@@10.93847656,1791.322,1987.206,43.39108
8,Tennessee,SEC,1977.244,+2 🟢@@2.040161133,1847.643,1987.138,86.19893
9,Texas Tech,Big 12,1952.853,+20 🟢@@20.43499756,1770.406,1952.853,80.30434
10,Gonzaga,WCC,1952.656,+4 🟢@@3.786499023,1826.891,1952.656,71.56569
11,Louisville,ACC,1950.435,+4 🟢@@3.525756836,1534.851,1950.435,66.29934
12,Maryland,Big Ten,1940.398,+7 🟢@@6.720581055,1706.66,1940.398,74.57055
13,Saint Mary's (CA),WCC,1936.807,+2 🟢@@1.791687012,1715.689,1936.807,51.3288
14,Clemson,ACC,1916.291,+2 🟢@@1.703186035,1736.343,1916.291,81.81437
15,Kansas,Big 12,1911.125,+12 🟢@@11.94195557,1885.905,2033.955,89.09142
16,Arizona,Big 12,1906.818,-12 🟠@@-11.94195557,1730.804,1959.279,83.74467
17,UConn,Big East,1899.5,+2 🟢@@1.915405273,1844.808,1984.536,54.18959
18,Iowa St.,Big 12,1895.161,+28 🟢@@28.11676025,1866.029,2030.798,77.82376
19,Texas A&M,SEC,1892.981,+14 🟢@@13.61828613,1800.151,1927.092,66.2533
20,BYU,Big 12,1884.394,+4 🟢@@3.813232422,1711.876,1884.394,98.47079
21,Wisconsin,Big Ten,1863.745,-64 🟠@@-63.91217041,1749.993,1961.771,76.58871
22,UCLA,Big Ten,1863.713,+19 🟢@@19.2868042,1709.99,1863.713,77.12961
23,Illinois,Big Ten,1861.005,+13 🟢@@13.4743042,1763.383,1939.585,71.86468
24,Ole Miss,SEC,1857.475,-7 🟠@@-6.597717285,1713.98,1943.781,73.00755
25,VCU,A-10,1857.215,-25 🟠@@-25.11437988,1673.667,1882.33,71.68198
26,Drake,MVC,1854.651,+16 🟢@@15.56347656,1677.405,1854.651,59.36783
27,Marquette,Big East,1851.853,-11 🟠@@-10.93847656,1825.318,1944.018,67.61778
28,Kentucky,SEC,1851.058,+32 🟢@@32.34118652,1775.307,1851.058,82.12686
29,New Mexico,MWC,1848.354,+5 🟢@@5.30657959,1669.645,1865.114,89.07415
30,UC San Diego,Big West,1844.898,+5 🟢@@4.62902832,1487.085,1844.898,59.54225
31,Baylor,Big 12,1836.109,-7 🟠@@-6.890441895,1791.445,1886.188,47.48352
32,Memphis,AAC,1834.618,+2 🟢@@1.798217773,1658.72,1836.823,86.32083
33,Purdue,Big Ten,1833.051,-13 🟠@@-13.4743042,1812.358,1930.823,109.2156
34,Xavier,Big East,1832.013,+2 🟢@@2.465270996,1666.344,1832.013,84.81494
35,Arkansas,SEC,1828.403,+5 🟢@@4.746154785,1709.021,1828.403,85.48567
36,Creighton,Big East,1827.128,+5 🟢@@4.983703613,1702.338,1863.698,74.16709
37,Colorado St.,MWC,1819.753,+36 🟢@@36.07061768,1613.687,1819.753,60.36858
38,Georgia,SEC,1815.588,+10 🟢@@9.731262207,1674.266,1815.588,58.92334
39,North Carolina,ACC,1814.202,-14 🟠@@-13.77752686,1746.949,1874.644,64.50067
40,Michigan,Big Ten,1812.236,-7 🟠@@-6.729248047,1618.011,1928.393,74.46034
41,Oregon,Big Ten,1810.116,+8 🟢@@7.779174805,1708.411,1877.787,51.82573
42,Missouri,SEC,1803.644,-32 🟠@@-32.34118652,1531.511,1886.499,85.52576
43,Indiana,Big Ten,1792.548,+9 🟢@@9.36328125,1652.479,1792.548,86.79526
44,San Diego St.,MWC,1790.632,+8 🟢@@7.839660645,1705.179,1809.336,62.84991
45,Boise St.,MWC,1775.204,-36 🟠@@-36.07061768,1703.89,1811.275,67.10416
46,Mississippi St.,SEC,1771.446,-5 🟠@@-4.746154785,1747.031,1913.99,65.56918
47,Liberty,CUSA,1760.209,+32 🟢@@31.84851074,1471.788,1760.209,51.31514
48,Yale,Ivy,1754.658,+10 🟢@@9.705505371,1601.448,1779.087,53.00887
49,Wake Forest,ACC,1754.622,+15 🟢@@14.92687988,1703.164,1830.949,75.85943
50,High Point,Big South,1753.002,+15 🟢@@14.96960449,1561.615,1753.002,64.58089
51,Dayton,A-10,1749.489,+25 🟢@@25.11437988,1669.618,1829.132,89.27766
52,Villanova,Big East,1746.929,-13 🟠@@-13.05438232,1577.146,1759.984,61.80666
53,UC Irvine,Big West,1744.086,+13 🟢@@12.88366699,1601.429,1784.075,50.66346
54,Northwestern,Big Ten,1742.7,-7 🟠@@-6.720581055,1659.305,1773.778,25.67289
55,Utah St.,MWC,1739.857,+1 🟢@@1.473937988,1719.121,1841.673,94.38869
56,Ohio St.,Big Ten,1738.357,-9 🟠@@-9.36328125,1720.9,1827.708,71.84576
57,Oklahoma,SEC,1736.698,+18 🟢@@17.95153809,1691.781,1805.115,86.2571
58,SMU,ACC,1735.086,-21 🟠@@-20.52270508,1629.957,1796.957,53.83228
59,Santa Clara,WCC,1731.439,-25 🟠@@-24.50384521,1504.048,1787.133,26.22042
60,San Francisco,WCC,1728.765,-4 🟠@@-3.786499023,1622.743,1754.271,50.82576
61,George Mason,A-10,1725.851,+5 🟢@@4.600952148,1600.015,1781.216,59.43953
62,Penn St.,Big Ten,1718.627,+64 🟢@@63.91217041,1597.231,1784.021,66.05668
63,Rutgers,Big Ten,1718.259,+9 🟢@@9.063171387,1673.326,1744.255,46.59946
64,North Texas,AAC,1714.791,-20 🟠@@-20.20019531,1631.475,1734.991,39.88673
65,McNeese,Southland,1706.668,+13 🟢@@12.71563721,1552.478,1706.668,61.67387
66,Vanderbilt,SEC,1703.798,-10 🟠@@-9.731262207,1544.896,1763.42,72.23447
67,West Virginia,Big 12,1696.37,+6 🟢@@5.773681641,1569.548,1720.296,89.98122
68,Kansas St.,Big 12,1695.575,-28 🟠@@-28.11676025,1580.065,1786.482,80.72616
69,Grand Canyon,WAC,1686.793,-12 🟠@@-11.96777344,1607.07,1707.021,63.14874
70,Cincinnati,Big 12,1685.248,-21 🟠@@-20.90869141,1663.691,1831.726,80.189
71,Chattanooga,Southern,1684.482,-16 🟠@@-15.85559082,1460.308,1700.338,62.18528
72,Texas,SEC,1683.924,-18 🟠@@-17.95153809,1670.442,1833.498,62.11412
73,Iowa,Big Ten,1683.855,+52 🟢@@52.45751953,1631.397,1747.43,79.28282
74,Saint Joseph's,A-10,1683.418,-43 🟠@@-42.73876953,1557.834,1726.157,54.30576
75,Bradley,MVC,1677.441,-16 🟠@@-15.56347656,1621.024,1768.061,90.29953
76,Saint Louis,A-10,1676.575,+4 🟢@@4.362609863,1503.272,1679.367,62.91523
77,Utah Valley,WAC,1674.733,+9 🟢@@9.004577637,1463.416,1674.733,65.37217
78,USC,Big Ten,1674.161,-19 🟠@@-19.2868042,1576.669,1758.917,34.07328
79,Loyola Chicago,A-10,1668.051,+36 🟢@@36.38885498,1552.591,1705.75,52.90411
80,Troy,Sun Belt,1662.144,+30 🟢@@30.30712891,1530.404,1662.144,49.33736
81,UNLV,MWC,1659.639,-5 🟠@@-5.30657959,1599.302,1681.175,62.96994
82,Cal State Northridge,Big West,1657.142,+3 🟢@@2.649536133,1408.409,1692.281,37.96087
83,UNC Wilmington,CAA,1656.205,+7 🟢@@6.983276367,1464.731,1660.06,53.97928
84,Arkansas St.,Sun Belt,1651.972,-30 🟠@@-30.30712891,1557.178,1714.136,56.84959
85,Lipscomb,A-Sun,1649.306,+14 🟢@@13.96704102,1452.245,1649.306,56.39003
86,Nebraska,Big Ten,1642.736,-52 🟠@@-52.45751953,1642.736,1817.98,69.43507
87,South Carolina,SEC,1638.669,-2 🟠@@-2.040161133,1598.526,1747.129,51.67738
88,Northern Iowa,MVC,1638.259,-15 🟠@@-15.32189941,1491.919,1672.884,66.60103
89,Stanford,ACC,1637.731,-4 🟠@@-3.525756836,1574.833,1667.288,61.91842
90,Akron,MAC,1635.409,+1 🟢@@1.186462402,1476.016,1650.559,84.68587
91,Utah,Big 12,1631.549,-4 🟠@@-3.813232422,1571.877,1703.648,99.40537
92,Arizona St.,Big 12,1630.91,-20 🟠@@-20.43499756,1630.91,1763.25,50.13115
93,St. Bonaventure,A-10,1624.19,+14 🟢@@13.52142334,1574.469,1728.19,53.79903
94,Northern Colorado,Big Sky,1620.537,+9 🟢@@8.92010498,1442.839,1624.45,44.34423
95,Belmont,MVC,1619.116,-6 🟠@@-6.419494629,1544.984,1652.773,68.18146
96,Butler,Big East,1615.228,-5 🟠@@-4.983703613,1579.122,1738.598,66.58315
97,Virginia,ACC,1614.287,-27 🟠@@-26.5269165,1510.931,1700.806,68.13895
98,Wofford,Southern,1611.95,+20 🟢@@19.65594482,1429.225,1611.95,62.56422
99,Minnesota,Big Ten,1609.556,-9 🟠@@-9.063171387,1547.138,1667.371,56.33339
100,Tulane,AAC,1607.52,+26 🟢@@25.58636475,1391.585,1607.52,35.26988
101,Florida St.,ACC,1607.488,+21 🟢@@20.52270508,1586.965,1750.378,64.8307
102,Georgetown,Big East,1605.931,-18 🟠@@-18.43927002,1481.9,1676.341,41.74023
103,Robert Morris,Horizon,1604.365,+8 🟢@@8.396240234,1310.837,1604.365,36.27119
104,Bryant,ASEC,1603.466,+3 🟢@@3.259033203,1456.046,1603.563,54.819
105,Pittsburgh,ACC,1603.052,+15 🟢@@15.3526001,1587.699,1788.144,44.02639
106,Georgia Tech,ACC,1601.89,-15 🟠@@-14.92687988,1485.288,1616.817,54.53131
107,College of Charleston,CAA,1601.867,-7 🟠@@-6.983276367,1533.767,1691.48,62.11458
108,UCF,Big 12,1600.756,-6 🟠@@-5.773681641,1578.15,1743.288,34.64907
109,George Washington,A-10,1600.648,+26 🟢@@26.19805908,1469.464,1615.731,70.16557
110,Florida Atlantic,AAC,1598.847,+21 🟢@@21.26647949,1572.3,1777.069,44.2716
111,Oklahoma St.,Big 12,1598.316,+21 🟢@@20.90869141,1562.113,1683.219,80.3418
112,New Mexico St.,CUSA,1597.246,-19 🟠@@-18.57525635,1356.156,1620.664,72.37389
113,Nevada,MWC,1595.012,-8 🟠@@-7.839660645,1595.012,1776.25,67.83891
114,Furman,Southern,1594.239,-20 🟠@@-19.65594482,1493.786,1665.387,52.93132
115,LSU,SEC,1593.716,-14 🟠@@-13.61828613,1591.627,1759.93,50.03939
116,UAB,AAC,1592.487,-26 🟠@@-25.58636475,1504.174,1656.047,74.15627
117,TCU,Big 12,1591.134,-30 🟠@@-29.60064697,1572.746,1726.983,52.39456
118,Middle Tennessee,CUSA,1590.679,+7 🟢@@6.555969238,1421.473,1609.148,64.67661
119,Oregon St.,WCC,1589.249,-26 🟠@@-26.09973145,1522.052,1686.687,40.86121
120,Cornell,Ivy,1588.702,+6 🟢@@5.917053223,1509.371,1642.246,41.73167
121,Omaha,Summit,1588.025,+24 🟢@@24.26348877,1254.827,1588.025,53.38802
122,North Alabama,A-Sun,1587.956,-14 🟠@@-13.96704102,1373.12,1601.923,61.91739
123,Towson,CAA,1586.89,-41 🟠@@-41.26159668,1371.59,1628.151,53.44303
124,Jacksonville St.,CUSA,1582.423,-20 🟠@@-20.41082764,1421.78,1639.406,40.42403
125,UC Riverside,Big West,1581.815,+3 🟢@@3.102172852,1420.407,1581.815,46.81665
126,Duquesne,A-10,1579.099,-4 🟠@@-4.362609863,1421.467,1668.431,49.87799
127,Louisiana Tech,CUSA,1578.313,+10 🟢@@10.32647705,1520.569,1711.822,72.33396
128,Winthrop,Big South,1577.803,-15 🟠@@-14.96960449,1382.465,1592.773,59.40611
129,Syracuse,ACC,1572.902,+27 🟢@@26.5269165,1536.529,1676.984,51.65407
130,Kennesaw St.,CUSA,1566.258,+20 🟢@@20.41082764,1396.36,1597.067,52.99954
131,Milwaukee,Horizon,1565.654,-37 🟠@@-37.17047119,1427.023,1618.99,39.51915
132,Samford,Southern,1562.367,-34 🟠@@-33.89080811,1562.367,1674.171,35.72689
133,St. Thomas,Summit,1561.54,-24 🟠@@-24.26348877,1458.608,1624.859,60.96405
134,Montana,Big Sky,1559.231,+11 🟢@@11.44299316,1429.411,1559.231,82.8483
135,Washington St.,WCC,1558.264,-13 🟠@@-12.71514893,1547.109,1754.687,37.28735
136,Providence,Big East,1557.76,-2 🟠@@-2.465270996,1557.76,1726.314,61.2732
137,Kent St.,MAC,1554.564,+4 🟢@@4.42376709,1456.577,1590.73,68.19303
138,North Dakota St.,Summit,1553.656,-13 🟠@@-12.82952881,1336.532,1598.543,55.49221
139,Colorado,Big 12,1551.786,+30 🟢@@29.60064697,1507.411,1758.539,79.53401
140,Dartmouth,Ivy,1549.648,-26 🟠@@-25.54907227,1249.954,1575.197,31.89755
141,East Tennessee St.,Southern,1549.393,-28 🟠@@-28.30181885,1448.29,1588.054,56.33652
142,South Alabama,Sun Belt,1549.275,-8 🟠@@-8.096679688,1418.743,1633.919,45.3986
143,Central Connecticut,NSEC,1548.754,+2 🟢@@2.453186035,1342.323,1548.754,35.40732
144,Notre Dame,ACC,1543.944,+4 🟢@@4.488769531,1520.724,1682.824,71.21625
145,Youngstown St.,Horizon,1542.63,+10 🟢@@10.11309814,1362.075,1572.676,37.32722
146,Merrimack,MAAC,1540.407,+47 🟢@@46.95458984,1414.589,1566.877,54.70874
147,Seattle,WAC,1539.785,+8 🟢@@7.643005371,1477.501,1608.572,55.75758
148,Rhode Island,A-10,1537.958,+12 🟢@@11.70361328,1479.334,1669.362,42.00774
149,Murray St.,MVC,1535.396,-11 🟠@@-10.7645874,1465.847,1606.541,84.11309
150,Temple,AAC,1534.211,+20 🟢@@20.20019531,1495.595,1637.272,55.00006
151,Illinois St.,MVC,1534.025,-23 🟠@@-23.12908936,1472.46,1557.154,76.733
152,UNC Greensboro,Southern,1533.405,-37 🟠@@-36.63873291,1492.035,1592.185,47.97974
153,California,ACC,1527.685,-4 🟠@@-4.488769531,1522.231,1634.113,33.54806
154,Vermont,ASEC,1527.636,+3 🟢@@2.917785645,1376.926,1660.896,48.7795
155,Radford,Big South,1526.706,-5 🟠@@-5.296936035,1393.064,1544.845,51.89534
156,Marshall,Sun Belt,1526.547,-6 🟠@@-6.20690918,1371.432,1532.754,85.13876
157,Washington,Big Ten,1526.396,-8 🟠@@-7.779174805,1526.396,1720.783,39.50086
158,Illinois-Chicago,MVC,1523.921,-58 🟠@@-58.38702393,1398.323,1693.647,44.18211
159,Cleveland St.,Horizon,1522.788,-10 🟠@@-10.11309814,1375.71,1613.144,47.54309
160,James Madison,Sun Belt,1522.066,-25 🟠@@-24.84216309,1489.184,1662.84,44.25681
161,DePaul,Big East,1520.972,+18 🟢@@18.43927002,1463.154,1605.607,26.32505
162,California Baptist,WAC,1520.598,+4 🟢@@4.216125488,1421.765,1532.46,54.49361
163,NC State,ACC,1518.626,-14 🟠@@-13.67785645,1514.764,1766.954,59.11702
164,Princeton,Ivy,1517.002,+15 🟢@@15.44805908,1501.553,1693.456,75.97152
165,Norfolk St.,MEAC,1516.41,-25 🟠@@-25.36584473,1401.811,1567.004,58.07829
166,Drexel,CAA,1515.618,-11 🟠@@-10.70996094,1442.961,1553.27,58.32705
167,Miami University (OH),MAC,1514.365,+7 🟢@@6.610168457,1380.558,1570.922,72.08853
168,Davidson,A-10,1514.043,-14 🟠@@-13.52142334,1514.043,1603.113,57.10901
169,UC Santa Barbara,Big West,1512.625,-13 🟠@@-12.88366699,1436.606,1595.636,49.89191
170,Quinnipiac,MAAC,1512.598,-38 🟠@@-37.62036133,1396.288,1581.058,49.2839
171,East Carolina,AAC,1506.495,-21 🟠@@-21.26647949,1421.872,1552.598,33.21807
172,San Jose St.,MWC,1506.38,+15 🟢@@15.12463379,1361.493,1509.584,9.421884
173,Brown,Ivy,1503.968,-10 🟠@@-9.705505371,1441.038,1582.72,25.60666
174,Oakland,Horizon,1501.865,-8 🟠@@-8.396240234,1446.525,1598.851,50.98289
175,Eastern Kentucky,A-Sun,1500.722,-18 🟠@@-17.70147705,1360.104,1550.885,64.06256
176,Jacksonville,A-Sun,1497.883,-12 🟠@@-11.84802246,1370.059,1561.448,34.65594
177,Wichita St.,AAC,1493.83,-54 🟠@@-53.55584717,1425.829,1657.257,74.2331
178,Montana St.,Big Sky,1493.425,+38 🟢@@37.73980713,1414.554,1493.425,59.14009
179,Sam Houston,CUSA,1492.064,+19 🟢@@18.57525635,1447.002,1667.825,65.34403
180,Virginia Tech,ACC,1491.186,-2 🟠@@-1.703186035,1451.872,1680.329,77.62288
181,Purdue Fort Wayne,Horizon,1489.618,-9 🟠@@-9.407775879,1483.168,1585.087,54.51474
182,Maine,ASEC,1486.773,+12 🟢@@12.34570313,1421.903,1543.36,17.76538
183,Abilene Christian,WAC,1482.911,+12 🟢@@11.96777344,1384.899,1510.663,50.96614
184,Manhattan,MAAC,1482.077,+14 🟢@@13.59344482,1271.201,1482.077,26.33124
185,Appalachian St.,Sun Belt,1481.66,-25 🟠@@-25.19940186,1463.86,1604.458,60.28513
186,UNC Asheville,Big South,1480.285,-30 🟠@@-30.11907959,1457.248,1582.469,55.87622
187,Southern Illinois,MVC,1477.583,-6 🟠@@-5.721191406,1363.418,1556.268,62.96588
188,Delaware,CAA,1474.361,+41 🟢@@41.26159668,1325.241,1489.989,45.61937
189,South Florida,AAC,1471.983,-2 🟠@@-1.798217773,1471.983,1648.747,14.84352
190,Cal Poly,Big West,1469.885,+19 🟢@@19.23480225,1236.995,1469.885,38.86679
191,South Dakota St.,Summit,1468.947,-65 🟠@@-64.90209961,1468.947,1629.732,75.03709
192,Harvard,Ivy,1467.876,+26 🟢@@25.54907227,1371.753,1504.396,16.22165
193,Florida Gulf Coast,A-Sun,1467.134,-31 🟠@@-31.09637451,1354.825,1530.786,54.49155
194,Lamar,Southland,1466.653,+18 🟢@@17.85406494,1296.332,1507.7,66.54874
195,Western Kentucky,CUSA,1465.641,-32 🟠@@-31.84851074,1465.475,1604.789,69.67863
196,Nicholls St.,Southland,1465.217,+7 🟢@@6.855773926,1362.27,1476.215,54.85706
197,Indiana St.,MVC,1464.873,-8 🟠@@-8.43347168,1431.809,1682.413,72.63882
198,South Carolina St.,MEAC,1462.956,+6 🟢@@6.474609375,1254.532,1462.956,51.19103
199,Portland St.,Big Sky,1460.363,-35 🟠@@-34.65148926,1376.281,1499.748,57.58147
200,SIU Edwardsville,OVC,1458.385,+54 🟢@@53.56622314,1309.255,1468.038,44.80885
201,Loyola Marymount,WCC,1458.271,-12 🟠@@-11.84051514,1408.187,1596.138,20.26041
202,Northern Kentucky,Horizon,1457.79,-8 🟠@@-7.520996094,1318.948,1465.311,60.08593
203,Boston College,ACC,1457.757,-15 🟠@@-15.3526001,1427.111,1691.41,11.82032
204,Valparaiso,MVC,1457.034,-5 🟠@@-4.794921875,1304.135,1461.829,53.33528
205,UT Arlington,WAC,1456.035,-4 🟠@@-4.216125488,1456.035,1633.208,34.24062
206,Hampton,CAA,1454.936,-15 🟠@@-14.63977051,1251.826,1469.576,44.84836
207,UTSA,AAC,1453.481,+14 🟢@@14.03894043,1344.97,1456.915,34.85147
208,Southeast Missouri St.,OVC,1452.931,-54 🟠@@-53.56622314,1196.588,1537.52,41.06688
209,UTEP,CUSA,1452.889,-10 🟠@@-10.32647705,1452.889,1605.742,61.2022
210,Bucknell,Patriot,1452.411,-29 🟠@@-28.76855469,1321.94,1481.179,55.71704
211,UMass (Amherst),A-10,1447.147,-36 🟠@@-36.38885498,1407.63,1637.978,47.87695
212,Monmouth,CAA,1446.424,-5 🟠@@-4.600891113,1322.495,1456.432,50.46473
213,Northeastern,CAA,1441.411,-14 🟠@@-14.00427246,1396.733,1536.667,36.18819
214,Elon,CAA,1434.628,-27 🟠@@-27.15557861,1323.256,1565.095,43.13275
215,Queens,A-Sun,1432.874,-4 🟠@@-3.6796875,1379.08,1524.247,58.09536
216,Mount St. Mary's (MD),MAAC,1430.604,+15 🟢@@15.22998047,1327.809,1471.121,38.96926
217,Iona,MAAC,1429.324,+6 🟢@@6.447692871,1321.547,1429.324,57.4795
218,Southern,SWAC,1427.283,+3 🟢@@2.795959473,1247.559,1442.625,69.77637
219,Navy,Patriot,1427.073,+29 🟢@@28.76855469,1208.959,1427.073,27.11755
220,A&M-Corpus Christi,Southland,1426.296,-13 🟠@@-13.13421631,1391.95,1483.48,53.25858
221,American,Patriot,1424.999,+11 🟢@@11.11773682,1293.43,1438.464,47.77648
222,Texas St.,Sun Belt,1424.639,-17 🟠@@-17.10205078,1404.507,1561.372,46.21893
223,Wyoming,MWC,1422.158,-13 🟠@@-13.24798584,1422.158,1617.15,64.10151
224,Ohio,MAC,1420.609,-27 🟠@@-26.69165039,1420.609,1519.282,91.10147
225,Idaho St.,Big Sky,1419.431,-38 🟠@@-37.73980713,1367.454,1479.836,66.15483
226,UMass Lowell,ASEC,1418.919,-12 🟠@@-12.34570313,1409.536,1598.296,49.53594
227,Campbell,CAA,1416.89,-47 🟠@@-47.23999023,1336.042,1576.362,42.18929
228,Pepperdine,WCC,1414.052,-2 🟠@@-1.791687012,1327.918,1486.969,26.82584
229,Rice,AAC,1412.414,-12 🟠@@-11.52337646,1412.414,1575.213,14.18047
230,Northern Arizona,Big Sky,1411.991,-11 🟠@@-11.44299316,1349.656,1423.434,35.07617
231,Hofstra,CAA,1410.459,-14 🟠@@-13.96600342,1384.29,1638.526,48.38391
232,Portland,WCC,1410.077,-37 🟠@@-37.32232666,1267.305,1462.949,9.454661
233,Evansville,MVC,1409.903,-27 🟠@@-27.2364502,1291.544,1485.047,60.7513
234,Richmond,A-10,1409.448,-5 🟠@@-4.600952148,1395.073,1629.294,43.07531
235,Presbyterian,Big South,1409.222,-10 🟠@@-9.611633301,1296.681,1486.373,46.33781
236,Albany,ASEC,1408.501,+6 🟢@@6.418823242,1348.494,1445.979,38.11847
237,Little Rock,OVC,1407.63,-24 🟠@@-23.82440186,1407.63,1573.159,59.39453
238,William & Mary,CAA,1406.041,-50 🟠@@-50.22912598,1295.983,1523.125,54.22193
239,Northwestern St.,Southland,1404.766,+13 🟢@@13.13421631,1240.941,1404.766,41.60047
240,Georgia St.,Sun Belt,1403.724,-8 🟠@@-7.798217773,1290.435,1426.798,42.05614
241,Georgia Southern,Sun Belt,1403.645,-24 🟠@@-24.02679443,1328.706,1441.839,59.68725
242,U Miami (FL),ACC,1402.89,+14 🟢@@13.67785645,1387.072,1648.401,31.40813
243,UC Davis,Big West,1399.354,-5 🟠@@-4.62902832,1365.046,1556.563,43.03358
244,Central Michigan,MAC,1398.79,-27 🟠@@-26.73394775,1372.448,1453.567,43.26966
245,Tarleton St.,WAC,1398.32,-9 🟠@@-9.004577637,1379.566,1610.372,60.57026
246,South Dakota,Summit,1397.354,-29 🟠@@-29.32983398,1304.326,1426.684,57.44592
247,La Salle,A-10,1397.027,+43 🟢@@42.73876953,1354.289,1602.624,36.39337
248,Hawaii,Big West,1396.338,-3 🟠@@-2.649536133,1396.338,1542.994,28.08738
249,Sacred Heart,MAAC,1395.246,-6 🟠@@-6.447692871,1303.33,1434.699,41.24555
250,Marist,MAAC,1393.221,-15 🟠@@-15.22998047,1393.221,1561.602,43.47822
251,Tennessee St.,OVC,1393.074,-10 🟠@@-10.32977295,1231.767,1403.403,51.64703
252,Cal State Bakersfield,Big West,1390.807,+15 🟢@@15.00115967,1364.65,1472.982,55.16949
253,Idaho,Big Sky,1390.343,+35 🟢@@34.65148926,1261.803,1408.93,41.93589
254,Longwood,Big South,1389.522,-10 🟠@@-10.33911133,1377.042,1564.025,51.41693
255,Seton Hall,Big East,1388.662,-2 🟠@@-1.915405273,1388.662,1747.958,47.68906
256,Eastern Michigan,MAC,1380.468,-4 🟠@@-4.42376709,1262.468,1384.892,52.19557
257,Tulsa,AAC,1377.94,+54 🟢@@53.55584717,1312.915,1498.015,69.73608
258,Siena,MAAC,1376.568,-14 🟠@@-13.59344482,1202.625,1432.157,59.37401
259,Wright St.,Horizon,1369.145,-9 🟠@@-9.143005371,1368.29,1595.949,69.9122
260,Jackson St.,SWAC,1367.568,+1 🟢@@1.481994629,1222.617,1367.568,60.38643
261,SE Louisiana,Southland,1366.196,-18 🟠@@-18.47406006,1263.771,1439.697,47.25887
262,Toledo,MAC,1364.769,+27 🟢@@26.69165039,1338.077,1614.66,80.93474
263,Old Dominion,Sun Belt,1364.371,-9 🟠@@-9.18762207,1269.752,1387.014,66.39023
264,FIU,CUSA,1361.284,-7 🟠@@-6.555969238,1339.709,1432.738,31.00321
265,Fordham,A-10,1360.176,-12 🟠@@-11.70361328,1360.176,1538.638,23.58937
266,Penn,Ivy,1359.815,-15 🟠@@-15.44805908,1308.437,1457.506,60.27748
267,Texas Southern,SWAC,1354.683,+8 🟢@@8.157409668,1236.521,1354.683,60.92331
268,Austin Peay,A-Sun,1354.132,-9 🟠@@-9.335205078,1294.293,1460.628,56.78176
269,LIU,NSEC,1352.356,-22 🟠@@-21.66772461,1188.506,1374.024,56.95998
270,Kansas City,Summit,1350.206,-10 🟠@@-9.617004395,1305.816,1473.029,32.56496
271,Charlotte,AAC,1350.009,-14 🟠@@-14.03894043,1350.009,1623.548,39.974
272,VMI,Southern,1348.803,-12 🟠@@-12.0557251,1220.902,1385.473,26.05013
273,Bethune-Cookman,SWAC,1348.693,+4 🟢@@3.956481934,1278.882,1394.825,31.74834
274,North Dakota,Summit,1346.474,-11 🟠@@-11.05822754,1259.241,1476.518,47.83854
275,Mercer,Southern,1345.836,-5 🟠@@-5.212097168,1331.013,1458.777,41.19765
276,Fairfield,MAAC,1342.489,+38 🟢@@37.62036133,1252.482,1490.798,31.29281
277,Colgate,Patriot,1341.718,-11 🟠@@-11.11773682,1327.2,1500.396,39.1749
278,Missouri St.,MVC,1337.379,-13 🟠@@-12.74627686,1314.586,1593.115,66.84142
279,Delaware St.,MEAC,1337.187,+5 🟢@@4.555236816,1270.886,1368.523,34.92759
280,Saint Peter's,MAAC,1333.904,+5 🟢@@5.321228027,1317.549,1496.921,34.95519
281,Binghamton,ASEC,1333.316,-6 🟠@@-6.418823242,1312.668,1400.613,35.90201
282,Gardner-Webb,Big South,1330.914,-6 🟠@@-6.104980469,1317.385,1469,44.41512
283,Rider,MAAC,1325.927,+5 🟢@@4.672790527,1261.505,1516.056,46.7169
284,Bowling Green,MAC,1323.917,-12 🟠@@-12.40814209,1242.344,1424.234,55.37288
285,Alabama St.,SWAC,1321.198,+27 🟢@@27.21240234,1199.987,1321.198,52.44959
286,Western Michigan,MAC,1321.028,+12 🟢@@12.40814209,1236.837,1350.005,56.73355
287,Boston University,Patriot,1319.519,-24 🟠@@-24.33520508,1295.168,1400.871,33.50646
288,North Florida,A-Sun,1317.961,-40 🟠@@-39.94781494,1317.961,1531.076,48.96767
289,UMBC,ASEC,1316.227,-3 🟠@@-3.259033203,1300.944,1433.551,28.14166
290,Ball St.,MAC,1314.705,-7 🟠@@-6.610168457,1288.015,1419.856,53.36708
291,Incarnate Word,Southland,1310.508,-7 🟠@@-6.855773926,1149.329,1341.659,42.53669
292,Lafayette,Patriot,1309.577,-4 🟠@@-4.328491211,1253.543,1343.559,40.73505
293,Lehigh,Patriot,1309.087,-13 🟠@@-12.60900879,1266.107,1415.928,35.20885
294,Columbia,Ivy,1307.682,-6 🟠@@-5.917053223,1307.682,1590.396,31.71939
295,Fresno St.,MWC,1306.522,-15 🟠@@-15.12463379,1306.522,1516.272,53.55061
296,Eastern Illinois,OVC,1306.257,+55 🟢@@54.84716797,1139.943,1306.257,36.54731
297,Saint Francis,NSEC,1295.311,+22 🟢@@21.66772461,1155.816,1295.311,44.21799
298,Pacific,WCC,1292.64,-17 🟠@@-16.87561035,1199.046,1345.626,44.52677
299,Southern Utah,WAC,1289.949,-33 🟠@@-32.60150146,1289.949,1495.502,47.94411
300,UT Rio Grande Valley,Southland,1289.78,+9 🟢@@8.983703613,1226.102,1377.813,25.71377
301,Eastern Washington,Big Sky,1286.856,-19 🟠@@-19.27758789,1286.856,1546.213,54.35356
302,Niagara,MAAC,1284.299,-5 🟠@@-4.672790527,1246.642,1388.511,41.63283
303,Louisiana (Lafayette),Sun Belt,1278.992,-40 🟠@@-40.43896484,1220.101,1471.703,56.02466
304,Fairleigh Dickinson,NSEC,1274.373,-2 🟠@@-2.453186035,1218.479,1309.306,30.87574
305,Loyola Maryland,Patriot,1270.703,-3 🟠@@-3.055358887,1197.129,1335.468,37.08631
306,Weber St.,Big Sky,1270.464,-9 🟠@@-8.92010498,1240.459,1471.251,79.07631
307,Stony Brook,CAA,1269.008,-10 🟠@@-10.38970947,1240.495,1495.429,45.7651
308,Air Force,MWC,1267.39,-1 🟠@@-1.473937988,1267.39,1510.759,23.69183
309,UT Martin,OVC,1267.118,-10 🟠@@-9.78527832,1266.092,1439.158,42.39713
310,Stephen F. Austin,Southland,1266.775,-13 🟠@@-12.71563721,1266.775,1438.192,62.07129
311,Mercyhurst,NSEC,1264.93,+11 🟢@@10.58666992,1205.52,1333.463,61.41697
312,Denver,Summit,1261.724,-7 🟠@@-7.208251953,1157.438,1356.247,62.44772
313,New Hampshire,ASEC,1254.881,-3 🟠@@-2.917785645,1176.149,1404.225,20.00237
314,Florida A&M,SWAC,1254.691,-4 🟠@@-3.956481934,1140.135,1296.223,46.02208
315,Western Carolina,Southern,1253.089,-6 🟠@@-6.34777832,1253.089,1552.953,53.63121
316,IU Indy,Horizon,1249.946,-10 🟠@@-9.998474121,1139.369,1259.944,41.69701
317,Charleston Southern,Big South,1247.076,-10 🟠@@-10.3069458,1188.438,1311.955,42.2508
318,Utah Tech,WAC,1242.227,-8 🟠@@-7.643005371,1242.227,1420.531,55.16798
319,Alcorn St.,SWAC,1242.015,+7 🟢@@6.626464844,1189.203,1302.705,67.80508
320,Southern Miss,Sun Belt,1241.226,-16 🟠@@-15.55334473,1241.226,1421.885,57.69969
321,Morgan St.,MEAC,1240.698,-29 🟠@@-29.41912842,1164.449,1272.631,60.22417
322,San Diego,WCC,1239.604,-13 🟠@@-12.7098999,1219.888,1459.866,28.43085
323,Tennessee Tech,OVC,1237.89,-11 🟠@@-10.81152344,1213.416,1345.601,58.11781
324,Long Beach St.,Big West,1235.66,-19 🟠@@-19.23480225,1235.66,1509.053,55.68381
325,Houston Christian,Southland,1234.079,-14 🟠@@-13.62762451,1109.858,1324.575,54.68663
326,Army,Patriot,1233.946,-26 🟠@@-25.63598633,1216.641,1369.594,17.62549
327,North Carolina Central,MEAC,1230.406,-6 🟠@@-6.474609375,1202.417,1337.67,67.70792
328,Lindenwood,OVC,1226.286,-15 🟠@@-14.75189209,1135.946,1241.038,58.25648
329,Stonehill,NSEC,1222.344,-21 🟠@@-20.67602539,1122.86,1306.621,58.70472
330,Coastal Carolina,Sun Belt,1221.812,-10 🟠@@-10.01220703,1181.623,1347.619,53.74985
331,Western Illinois,OVC,1217.528,+58 🟢@@58.04559326,1094.313,1406.291,35.8258
332,Holy Cross,Patriot,1215.666,-4 🟠@@-3.70703125,1215.666,1356.053,33.38956
333,Morehead St.,OVC,1212.937,-20 🟠@@-20.03283691,1183.241,1494.16,64.83907
334,Howard,MEAC,1211.718,-4 🟠@@-3.931091309,1187.103,1397.178,41.86261
335,Central Arkansas,A-Sun,1205.89,-2 🟠@@-1.875976563,1160.417,1259.933,43.94397
336,Wagner,NSEC,1203.949,-6 🟠@@-6.05255127,1182.74,1365.067,38.1009
337,Oral Roberts,Summit,1198.572,-18 🟠@@-18.41552734,1198.028,1355.6,65.49352
338,Bellarmine,A-Sun,1193.384,-4 🟠@@-3.754882813,1087.756,1296.448,54.48706
339,Grambling,SWAC,1191.149,-27 🟠@@-27.21240234,1165.503,1378.321,33.51369
340,Cal State Fullerton,Big West,1186.88,-3 🟠@@-3.102172852,1186.88,1433.455,37.1003
341,Stetson,A-Sun,1181.905,-14 🟠@@-14.49822998,1181.905,1431.078,33.01292
342,Louisiana Monroe,Sun Belt,1179.677,-8 🟠@@-7.786193848,1139.288,1373.845,51.70317
343,North Carolina A&T,CAA,1179.651,-14 🟠@@-14.18914795,1160.492,1307.766,68.2637
344,NJIT,ASEC,1177.292,+26 🟢@@25.51416016,1148.613,1276.92,45.26704
345,Buffalo,MAC,1158.515,-1 🟠@@-1.186462402,1123.948,1249.982,44.12142
346,West Georgia,A-Sun,1158.308,+16 🟢@@15.75079346,1142.557,1327.306,58.07361
347,Detroit Mercy,Horizon,1155.262,-5 🟠@@-5.055847168,1155.262,1323.172,60.18636
348,South Carolina Upstate,Big South,1155.25,-20 🟠@@-19.63299561,1154.161,1335.352,40.1466
349,Southern Indiana,OVC,1140.848,-3 🟠@@-2.872741699,1093.778,1306.671,56.95481
350,Canisius,MAAC,1138.506,-5 🟠@@-5.321228027,1138.506,1397.714,37.43905
351,Green Bay,Horizon,1135.304,-4 🟠@@-4.366882324,1087.547,1444.098,56.6674
352,The Citadel,Southern,1131.723,-11 🟠@@-11.26898193,1131.723,1418.02,5.753318
353,East Texas A&M,Southland,1128.82,+16 🟢@@15.69561768,1084.808,1244.102,54.72407
354,Sacramento St.,Big Sky,1126.759,-15 🟠@@-15.3092041,1126.759,1329.814,28.99973
355,Northern Illinois,MAC,1125.88,+27 🟢@@26.73394775,1099.146,1355.252,33.19152
356,MD Eastern Shore,MEAC,1110.539,-5 🟠@@-4.555236816,1054.705,1235.751,35.32367
357,Alabama A&M,SWAC,1109.851,-3 🟠@@-2.795959473,1085.458,1273.528,53.21762
358,Le Moyne,NSEC,1106.164,-2 🟠@@-2.178955078,1106.164,1305.394,58.62644
359,Coppin St.,MEAC,1098.304,+29 🟢@@29.41912842,1068.697,1142.332,47.29996
360,Chicago St.,NSEC,1082.902,-3 🟠@@-2.836730957,1082.902,1293.097,23.51743
361,Arkansas-Pine Bluff,SWAC,1055.612,-7 🟠@@-6.626464844,995.7072,1209.382,29.78964
362,New Orleans,Southland,1049.22,-4 🟠@@-4.07635498,1049.22,1218.143,47.22064
363,Prairie View A&M,SWAC,1027.252,-8 🟠@@-8.157409668,1027.252,1215.821,40.47441
364,Mississippi Valley St.,SWAC,848.9012,-1 🟠@@-1.481994629,848.9012,1061.589,59.57902